protein,mutation,layer,mean_abs_score_change,max_abs_score_change,dms_score
DNJA1_HUMAN,Y22S,20,0.148105764389038,0.6895196437835693,-3.908818101690093
DNJA1_HUMAN,Y22N,16,0.1439468383789062,0.7197341918945312,-3.7585394570047104
DNJA1_HUMAN,Y22G,20,0.1380874633789062,0.6382017135620117,-3.730036795720024
EPHB2_HUMAN,V43E,24,0.1332713603973388,0.4836351871490478,-3.815770785488517
DNJA1_HUMAN,V9F,12,0.129491901397705,0.4515879154205322,-4.856363840032164
DNJA1_HUMAN,Y22N,20,0.1189732551574707,0.5948662757873535,-3.7585394570047104
EPHB2_HUMAN,I40N,20,0.1093156337738037,0.5465781688690186,-3.948926429751285
EPHB2_HUMAN,I54T,8,0.1023834705352783,0.284278392791748,-3.694961737464863
EPHB2_HUMAN,I40N,8,0.0906900405883789,0.4246196746826172,-3.948926429751285
DNJA1_HUMAN,L7H,8,0.0751755714416503,0.3743157386779785,-4.269006971543911
