protein,layer,mutation,position,dms_score,esm_score,mean_abs_score_change,max_abs_score_change,n_features_tested
DNJA1_HUMAN,16,L7T,7,-4.491438721774577,-9.218363761901855,5.169020414352417,12.886685132980348,5
DNJA1_HUMAN,16,L25D,25,-3.774725862851923,-8.336262702941895,5.123571968078613,14.83245086669922,5
DNJA1_HUMAN,16,L7A,7,-4.022538112610452,-8.457643508911133,5.0296252250671385,11.56358528137207,5
DNJA1_HUMAN,12,L18K,18,-3.89947762755694,-8.364311218261719,5.00837287902832,9.025634765625,5
DNJA1_HUMAN,16,L7N,7,-3.7670065584301766,-10.99269199371338,4.897932147979736,12.633198261260986,5
EPHB2_HUMAN,16,F21A,21,-3.8139066832197335,-11.620782852172852,5.052470588684082,14.462180137634276,5
EPHB2_HUMAN,20,F21A,21,-3.8139066832197335,-11.620782852172852,4.613931894302367,13.060843229293823,5
EPHB2_HUMAN,20,I54G,54,-4.112191296914047,-12.233952522277832,4.461353778839111,12.12995982170105,5
EPHB2_HUMAN,16,F21R,21,-3.729781725949104,-12.350912094116213,4.141195297241211,12.405787467956545,5
EPHB2_HUMAN,16,I54R,54,-4.136262039304597,-11.0580472946167,4.119020080566406,11.75347137451172,5
PR40A_HUMAN,20,L17R,17,-3.114447735065537,-7.415896892547607,2.781818127632141,8.016770958900452,5
PR40A_HUMAN,12,L17R,17,-3.114447735065537,-7.415896892547607,2.768267107009888,6.920015096664429,5
PR40A_HUMAN,12,L18S,18,-3.094241660251023,-7.499711513519287,2.7146183967590334,6.01760196685791,5
PR40A_HUMAN,16,A32H,32,-3.016077217871332,-7.800461292266846,2.627058506011963,7.947001934051514,5
PR40A_HUMAN,12,L17P,17,-3.166047624715453,-7.139314651489258,2.599927377700806,9.568047523498535,5
